[
    {
        "breakfast": [
            {
                "id": 1,
                "title": "Jalebi",
                "price": 10
            },
            {
                "id": 2,
                "title": "Poha",
                "price": 30
            },
            {
                "id": 3,
                "title": "Samosa",
                "price": 12
            },
            {
                "id": 4,
                "title": "Chola",
                "price": 20
            }
        ],
        "lunch": [
            {
                "id": 5,
                "title": "Jalebi",
                "price": 10
            },
            {
                "id": 6,
                "title": "Poha",
                "price": 30
            },
            {
                "id": 7,
                "title": "Samosa",
                "price": 12
            },
            {
                "id": 8,
                "title": "Chola",
                "price": 20
            }
        ],
        "dinner": [
            {
                "id": 9,
                "title": "Jalebi",
                "price": 10
            },
            {
                "id": 10,
                "title": "Poha",
                "price": 30
            },
            {
                "id": 11,
                "title": "Samosa",
                "price": 12
            },
            {
                "id": 12,
                "title": "Chola",
                "price": 20
            }
        ]
    }
]